{
  "test.js": 1771943562.658485,
  "demo/vulnerable-example.js": 1771690419.8410778,
  "web/next.config.js": 1771692084.5014079,
  "web/next-env.d.ts": 1771741730.3846633,
  "web/tailwind.config.ts": 1771742646.6398292,
  "web/postcss.config.js": 1771692086.8342528,
  "web/app/layout.tsx": 1771692081.641446,
  "web/app/page.tsx": 1771743854.3284185,
  "web/app/demo/page.tsx": 1771743004.1732907,
  "web/app/scan/page.tsx": 1771743871.487394,
  "web/app/dashboard/page.tsx": 1771692101.4089649,
  "web/app/results/[sessionId]/page.tsx": 1771692074.3012164,
  "tests/demo-simulation.js": 1771691273.6815317,
  "tests/unit-tests.js": 1771690990.1571841,
  "tests/integration-test.js": 1771691253.103161,
  "tests/run-tests.js": 1771690416.8938794,
  "extensions/vscode/create-icon.js": 1771943748.0330086,
  "extensions/vscode/generate-icon.js": 1771943740.8821518,
  "extensions/vscode/test-extension.js": 1771865268.1070225,
  "extensions/vscode/verify-commands.js": 1771903621.271049,
  "extensions/vscode/create-icon-node.js": 1771944133.3687346,
  "extensions/vscode/test-suite/test-sql-injection.js": 1771865171.7743177,
  "extensions/vscode/test-suite/test-safe-code.js": 1771865190.7456746,
  "extensions/vscode/test-suite/test-insecure-http.js": 1771865181.0439515,
  "extensions/vscode/src/codeActions.ts": 1771944201.7326915,
  "extensions/vscode/src/extension.ts": 1771943681.6928844,
  "extensions/vscode/src/diagnostics.ts": 1771862539.4775224,
  "extensions/vscode/src/scanner.ts": 1771864547.3818765,
  "extensions/vscode/src/statusBar.ts": 1771862564.6945248,
  "scripts/deploy-infra.js": 1771690407.3155026,
  "api/server.js": 1771691893.905833,
  "api/middleware/validation.js": 1771692012.5078874,
  "api/routes/session.js": 1771692008.2252827,
  "api/routes/demo.js": 1771691998.0968726,
  "api/routes/logs.js": 1771692005.740899,
  "api/routes/result.js": 1771864579.3960838,
  "api/routes/scan.js": 1771691902.6407442,
  "api/services/session-manager.js": 1771691963.5574536,
  "api/services/bedrock-client.js": 1771691923.138464,
  "api/services/remediation-engine.js": 1771691976.66724,
  "api/services/patch-generator.js": 1771864607.8888927,
  "api/services/s3-storage.js": 1771691955.357058,
  "api/services/event-logger.js": 1771740896.5365744,
  "api/services/security-orchestrator.js": 1771865132.0560203,
  "src/index.js": 1771690358.0568156,
  "src/modules/security-analyzer.js": 1771690365.3371944,
  "src/modules/code-refactor.js": 1771690386.9103627,
  "src/modules/remediation-engine.js": 1771690374.3675008,
  "src/modules/event-logger.js": 1771690392.2231586,
  "PROJECT-SUMMARY.md": 1771693091.5226758,
  "UNIVERSAL-IDE-COMPATIBILITY.md": 1771863056.4849887,
  "QUICK-START.md": 1771737362.7344165,
  "EXTENSION-FIXED.md": 1771867308.621062,
  "GUARDRAIL-AI-ARTICLE.md": 1771921858.599251,
  "README.md": 1771863530.2723422,
  "FIX-APPLIED.md": 1771903375.5595427,
  "DEPLOYMENT.md": 1771692153.6317413,
  "README-SAAS.md": 1771692187.7323554,
  "EXTENSION-READY.md": 1771865610.9596844,
  "TEST-RESULTS.md": 1771691561.9201403,
  "GET-STARTED.md": 1771863715.6295638,
  "COMPLETE-FIX-GUIDE.md": 1771904208.0117118,
  "IDE-EXTENSION-GUIDE.md": 1771862366.9697676,
  "FINAL-SUMMARY.md": 1771863642.4983811,
  "FILE-STRUCTURE.md": 1771693242.599271,
  "PLATFORM-OVERVIEW.md": 1771692240.6600294,
  "KIRO-QUICK-START.md": 1771863575.0329697,
  "EXTENSION-SUMMARY.md": 1771863692.0655644,
  "docs/ARCHITECTURE.md": 1771690437.8564327,
  "docs/DEMO-GUIDE.md": 1771690447.1780326,
  "extensions/IDE-COMPARISON.md": 1771864821.5097065,
  "extensions/INTEGRATION-DIAGRAM.md": 1771862856.7657075,
  "extensions/vscode/INSTALL-NOW.md": 1771945515.6590893,
  "extensions/vscode/INSTALLATION-COMPLETE.md": 1771867287.896269,
  "extensions/vscode/QUICK-REFERENCE.md": 1771945154.977415,
  "extensions/vscode/START-HERE.md": 1771945526.1695864,
  "extensions/vscode/INSTALL-WITHOUT-CLI.md": 1771945500.98358,
  "extensions/vscode/DEBUG-STEPS.md": 1771904178.430912,
  "extensions/vscode/INSTALL-INSTRUCTIONS.md": 1771864018.8611271,
  "extensions/vscode/ICON-SETUP.md": 1771944192.5520196,
  "extensions/vscode/DONE.md": 1771945186.8593962,
  "extensions/vscode/INSTALLATION-GUIDE.md": 1771945097.4906683,
  "extensions/vscode/README.md": 1771862604.7666326,
  "extensions/vscode/UPDATE-INSTRUCTIONS.md": 1771864684.5576422,
  "extensions/vscode/WHATS-NEW.md": 1771945132.1304958,
  "extensions/vscode/FINAL-FIX.md": 1771903026.9635494,
  "extensions/vscode/APPLY-FIX-FLOW.md": 1771945437.1952627,
  "extensions/vscode/VISUAL-TEST-GUIDE.md": 1771867347.055443,
  "extensions/vscode/QUICK-FIX-GUIDE.md": 1771866368.6047862,
  "extensions/vscode/TEST-APPLY-FIX.md": 1771944707.1327753,
  "extensions/vscode/icon-generation.md": 1771943706.3859851,
  "extensions/vscode/DEVELOPMENT.md": 1771862636.4703681,
  "extensions/vscode/FIXES-APPLIED.md": 1771944731.8411925,
  "extensions/vscode/VERIFICATION-CHECKLIST.md": 1771866348.3650012,
  "extensions/vscode/README-INSTALL.md": 1771945565.6318367,
  "icon.png": 1771945706.2907126,
  "extensions/vscode/icon.svg": 1771943697.4171164
}